--INSTITUCION
INSERT INTO public.INSTITUCION(ID_INSTITUCION, NOMBRE) VALUES (1,'Instituto Superior de Profesorado de Educación Inicial "Sara C. de Eccleston');
INSERT INTO public.INSTITUCION(ID_INSTITUCION, NOMBRE) VALUES (2,'I.E.S. "Juan B.Justo');
INSERT INTO public.INSTITUCION(ID_INSTITUCION, NOMBRE) VALUES (3,'IES en Lenguas Vivas "Juan R. Fernández"');

--NIVEL
INSERT INTO public.NIVEL(ID_NIVEL, DESC_NIVEL) VALUES (1,'Inicial');
INSERT INTO public.NIVEL(ID_NIVEL, DESC_NIVEL) VALUES (2,'Primario');
INSERT INTO public.NIVEL(ID_NIVEL, DESC_NIVEL) VALUES (3,'Secundario');
INSERT INTO public.NIVEL(ID_NIVEL, DESC_NIVEL) VALUES (4,'Terciario');
INSERT INTO public.NIVEL(ID_NIVEL, DESC_NIVEL) VALUES (5,'Universitario');

--MATERIA
INSERT INTO public.MATERIA(ID_MATERIA, DESC_MATERIA, ID_NIVEL) VALUES (1,'Corporeidad y motricidad', 1);
INSERT INTO public.MATERIA(ID_MATERIA, DESC_MATERIA, ID_NIVEL) VALUES (2,'Educación plástica', 1);
INSERT INTO public.MATERIA(ID_MATERIA, DESC_MATERIA, ID_NIVEL) VALUES (3,'Taller de Literatura infantil', 1);
INSERT INTO public.MATERIA(ID_MATERIA, DESC_MATERIA, ID_NIVEL) VALUES (4,'Arte y educación', 2);
INSERT INTO public.MATERIA(ID_MATERIA, DESC_MATERIA, ID_NIVEL) VALUES (5,'Matemática', 2);
INSERT INTO public.MATERIA(ID_MATERIA, DESC_MATERIA, ID_NIVEL) VALUES (6,'Ciencias Sociales', 2);
INSERT INTO public.MATERIA(ID_MATERIA, DESC_MATERIA, ID_NIVEL) VALUES (7,'Inglés', 3);
INSERT INTO public.MATERIA(ID_MATERIA, DESC_MATERIA, ID_NIVEL) VALUES (8,'Ciencias Naturales', 3);
INSERT INTO public.MATERIA(ID_MATERIA, DESC_MATERIA, ID_NIVEL) VALUES (9,'Matemática', 3);
INSERT INTO public.MATERIA(ID_MATERIA, DESC_MATERIA, ID_NIVEL) VALUES (10,'Derecho', 4);
INSERT INTO public.MATERIA(ID_MATERIA, DESC_MATERIA, ID_NIVEL) VALUES (11,'Ciencias de la Tierra', 4);
INSERT INTO public.MATERIA(ID_MATERIA, DESC_MATERIA, ID_NIVEL) VALUES (12,'Química del Carbono', 4);
INSERT INTO public.MATERIA(ID_MATERIA, DESC_MATERIA, ID_NIVEL) VALUES (13,'Proyectos Organizacionales', 5);
INSERT INTO public.MATERIA(ID_MATERIA, DESC_MATERIA, ID_NIVEL) VALUES (14,'Política y Ciudadanía', 5);
INSERT INTO public.MATERIA(ID_MATERIA, DESC_MATERIA, ID_NIVEL) VALUES (15,'Filosofía e Historia de la Ciencia y la Tecnología.', 5);

--CLI_ACCESOS_CLIENTE
INSERT INTO public.CLI_ACCESOS_CLIENTE(ID_ACCESO, CODIGO, DESCRIPCION) VALUES (1, 'A', 'acceso beto');
INSERT INTO public.CLI_ACCESOS_CLIENTE(ID_ACCESO, CODIGO, DESCRIPCION) VALUES (2, 'A', 'acceso victor');
INSERT INTO public.CLI_ACCESOS_CLIENTE(ID_ACCESO, CODIGO, DESCRIPCION) VALUES (3, 'A', 'acceso mariano');
INSERT INTO public.CLI_ACCESOS_CLIENTE(ID_ACCESO, CODIGO, DESCRIPCION) VALUES (4, 'A', 'acceso ivan');
INSERT INTO public.CLI_ACCESOS_CLIENTE(ID_ACCESO, CODIGO, DESCRIPCION) VALUES (5, 'A', 'acceso hernan');

--CLI_CONTACTO
INSERT INTO public.CLI_CONTACTO(ID_CONTACTO, BARRIO, CODIGO_POSTAL, DOMICILIO, LOCALIDAD, PROVINCIA, NOMBRE_CONTACTO, TEL_FIJO, TEL_CELULAR) VALUES (1, 'Agronomía', 'C1417', 'Larrea 142', 'CABA', 1, 'Beto', '42223344' , '1142223344');
INSERT INTO public.CLI_CONTACTO(ID_CONTACTO, BARRIO, CODIGO_POSTAL, DOMICILIO, LOCALIDAD, PROVINCIA, NOMBRE_CONTACTO, TEL_FIJO, TEL_CELULAR) VALUES (2, 'Almagro', 'C1172', 'Tucuman 651 ', 'CABA', 1, 'Victor', '41116633' , '1141116633');
INSERT INTO public.CLI_CONTACTO(ID_CONTACTO, BARRIO, CODIGO_POSTAL, DOMICILIO, LOCALIDAD, PROVINCIA, NOMBRE_CONTACTO, TEL_FIJO, TEL_CELULAR) VALUES (3, 'Balvanera', 'C1020', 'Piedras 56', 'CABA', 1, 'Mariano', '47770088' , '1147770088');
INSERT INTO public.CLI_CONTACTO(ID_CONTACTO, BARRIO, CODIGO_POSTAL, DOMICILIO, LOCALIDAD, PROVINCIA, NOMBRE_CONTACTO, TEL_FIJO, TEL_CELULAR) VALUES (4, 'Boedo', 'C1218', 'Paso 981', 'CABA', 1, 'Ivan', '45559911' , '1145559911');
INSERT INTO public.CLI_CONTACTO(ID_CONTACTO, BARRIO, CODIGO_POSTAL, DOMICILIO, LOCALIDAD, PROVINCIA, NOMBRE_CONTACTO, TEL_FIJO, TEL_CELULAR) VALUES (5, 'Barracas', 'C1066', 'Las Heras 1000', 'CABA', 1, 'Hernan', '41234567' , '1141234567');

--CLI_IDENTIFICACION
INSERT INTO public.CLI_IDENTIFICACION(ID_IDENTIFICACION, NUMERO_ID, TIPO_ID) VALUES (1, '33123222', 'DNI');
INSERT INTO public.CLI_IDENTIFICACION(ID_IDENTIFICACION, NUMERO_ID, TIPO_ID) VALUES (2, '31635612', 'DNI');
INSERT INTO public.CLI_IDENTIFICACION(ID_IDENTIFICACION, NUMERO_ID, TIPO_ID) VALUES (3, '30212356', 'DNI');
INSERT INTO public.CLI_IDENTIFICACION(ID_IDENTIFICACION, NUMERO_ID, TIPO_ID) VALUES (4, '33573137', 'DNI');
INSERT INTO public.CLI_IDENTIFICACION(ID_IDENTIFICACION, NUMERO_ID, TIPO_ID) VALUES (5, '34723453', 'DNI');


--CLI_CLIENTE
INSERT INTO public.CLI_CLIENTE(ID_CLIENTE, BLOQUEADO, EMAIL, FECHA_ALTA_PASSWORD, FECHA_NAC, FECHA_REGISTRO, GENERO, NACIONALIDAD, INTENTOS_FALLIDOS_LOGIN, PASSWORD, NOMBRE, APELLIDO, REQUIERE_CAMBIO_PASSWORD, USERNAME, ID_ACCESOS) VALUES (1, false, 'avacotest@gmail.com', NULL, NULL, '2020-06-20 00:0:0.000', 'M', 'Argentino', 0, '$2a$10$9EmXkvYDoxA/rwi2.uxOue/I2Z2.6fzIubnhKnjFEQvCESbfzuqZm', 'Alberto', 'Gonzales', false, 'agonzalez', 1);
INSERT INTO public.CLI_CLIENTE(ID_CLIENTE, BLOQUEADO, EMAIL, FECHA_ALTA_PASSWORD, FECHA_NAC, FECHA_REGISTRO, GENERO, NACIONALIDAD, INTENTOS_FALLIDOS_LOGIN, PASSWORD, NOMBRE, APELLIDO, REQUIERE_CAMBIO_PASSWORD, USERNAME, ID_ACCESOS) VALUES (2, false, 'avacotest1@gmail.com', NULL, NULL, '2020-06-20 00:0:0.000', 'M', 'Argentino', 0, '$2a$10$9EmXkvYDoxA/rwi2.uxOue/I2Z2.6fzIubnhKnjFEQvCESbfzuqZm', 'Victor', 'Cabas', false, 'vcabas', 2);
INSERT INTO public.CLI_CLIENTE(ID_CLIENTE, BLOQUEADO, EMAIL, FECHA_ALTA_PASSWORD, FECHA_NAC, FECHA_REGISTRO, GENERO, NACIONALIDAD, INTENTOS_FALLIDOS_LOGIN, PASSWORD, NOMBRE, APELLIDO, REQUIERE_CAMBIO_PASSWORD, USERNAME, ID_ACCESOS) VALUES (3, false, 'avacotest2@gmail.com', NULL, NULL, '2020-06-20 00:0:0.000', 'M', 'Argentino', 0, '$2a$10$9EmXkvYDoxA/rwi2.uxOue/I2Z2.6fzIubnhKnjFEQvCESbfzuqZm', 'Mariano', 'Petrakovsky', false, 'mpetra', 3);
INSERT INTO public.CLI_CLIENTE(ID_CLIENTE, BLOQUEADO, EMAIL, FECHA_ALTA_PASSWORD, FECHA_NAC, FECHA_REGISTRO, GENERO, NACIONALIDAD, INTENTOS_FALLIDOS_LOGIN, PASSWORD, NOMBRE, APELLIDO, REQUIERE_CAMBIO_PASSWORD, USERNAME, ID_ACCESOS) VALUES (4, false, 'avacotest3@gmail.com', NULL, NULL, '2020-06-20 00:0:0.000', 'M', 'Argentino', 0, '$2a$10$9EmXkvYDoxA/rwi2.uxOue/I2Z2.6fzIubnhKnjFEQvCESbfzuqZm', 'Ivan', 'Imoff', false, 'iimoff', 4);
INSERT INTO public.CLI_CLIENTE(ID_CLIENTE, BLOQUEADO, EMAIL, FECHA_ALTA_PASSWORD, FECHA_NAC, FECHA_REGISTRO, GENERO, NACIONALIDAD, INTENTOS_FALLIDOS_LOGIN, PASSWORD, NOMBRE, APELLIDO, REQUIERE_CAMBIO_PASSWORD, USERNAME, ID_ACCESOS) VALUES (5, false, 'avacotest4@gmail.com', NULL, NULL, '2020-06-20 00:0:0.000', 'M', 'Argentino', 0, '$2a$10$9EmXkvYDoxA/rwi2.uxOue/I2Z2.6fzIubnhKnjFEQvCESbfzuqZm', 'Hernan', 'Gomez Molins', false, 'hgomez', 5);

--PROFESOR
INSERT INTO public.PROFESOR (ID_CLIENTE) VALUES (1);
INSERT INTO public.PROFESOR (ID_CLIENTE) VALUES (2);

--HORARIO_DISP
INSERT INTO public.HORARIO_DISP (ID_HORARIO_DISP, DIA_DISPONIBLE, HORA_DISPONIBLE, ID_PROFESOR) VALUES (1, 1, 15, 1);
INSERT INTO public.HORARIO_DISP (ID_HORARIO_DISP, DIA_DISPONIBLE, HORA_DISPONIBLE, ID_PROFESOR) VALUES (2, 2, 12, 2);
INSERT INTO public.HORARIO_DISP (ID_HORARIO_DISP, DIA_DISPONIBLE, HORA_DISPONIBLE, ID_PROFESOR) VALUES (3, 3, 11, 1);

--ALUMNO
INSERT INTO public.ALUMNO (ID_CLIENTE, ID_INSTITUCION) VALUES (3, 1);
INSERT INTO public.ALUMNO (ID_CLIENTE, ID_INSTITUCION) VALUES (4, 2);
INSERT INTO public.ALUMNO (ID_CLIENTE, ID_INSTITUCION) VALUES (5, 1);

--PREGUNTAS/RESPUESTAS
INSERT INTO public.PREG_RESP(ID_PREG_RESP, PREGUNTA, RESPUESTA, ID_ALUMNO, ID_MATERIA, ID_PROFESOR, FECHA_PREGUNTA) VALUES (1, 'Cuando es el final ?', 'No hay una fecha pero seguramente como todos los años se hara a mediados de noviembre', 3, 5, 1, '2020-06-20 00:0:0.000');
INSERT INTO public.PREG_RESP(ID_PREG_RESP, PREGUNTA, RESPUESTA, ID_ALUMNO, ID_MATERIA, ID_PROFESOR, FECHA_PREGUNTA) VALUES (2, 'Que ejercicios tenemos que hacer?', 'Los ejercicios 9a y 9b de la pagina 20', 4, 7, 2, '2020-06-20 00:0:0.000');

--DECIDIR
INSERT INTO public.DECIDIR(ID_DECIDIR) VALUES (1);
INSERT INTO public.DECIDIR(ID_DECIDIR) VALUES (2);
INSERT INTO public.DECIDIR(ID_DECIDIR) VALUES (3);

--HORAS_DISP
INSERT INTO public.HORAS_DISP(ID_HORAS_DISP, CANT_HORAS_DISP, ID_ALUMNO, ID_PROFESOR) VALUES (1, 4, 3, 1);
INSERT INTO public.HORAS_DISP(ID_HORAS_DISP, CANT_HORAS_DISP, ID_ALUMNO, ID_PROFESOR) VALUES (2, 6, 4, 2);
INSERT INTO public.HORAS_DISP(ID_HORAS_DISP, CANT_HORAS_DISP, ID_ALUMNO, ID_PROFESOR) VALUES (3, 8, 5, 1);

--HORAS_COMPRA
INSERT INTO public.HORAS_COMPRA(ID_COMPRA, CANT_HORAS_COMPRA, ID_ALUMNO, FK_DECIDIR, ID_PROFESOR) VALUES (1, 20, 3, 1, 1);
INSERT INTO public.HORAS_COMPRA(ID_COMPRA, CANT_HORAS_COMPRA, ID_ALUMNO, FK_DECIDIR, ID_PROFESOR) VALUES (2, 25, 4, 2, 2);
INSERT INTO public.HORAS_COMPRA(ID_COMPRA, CANT_HORAS_COMPRA, ID_ALUMNO, FK_DECIDIR, ID_PROFESOR) VALUES (3, 30, 5, 3, 1);

--AULA
INSERT INTO public.AULA(ID_AULA, ID_MATERIA, ID_INSTITUCION, DIA, HORA, CALIFICACION, ID_PROFESOR) VALUES (1, 5, 1, '10/10/2020', 9, 0, 1);
INSERT INTO public.AULA(ID_AULA, ID_MATERIA, ID_INSTITUCION, DIA, HORA, CALIFICACION, ID_PROFESOR) VALUES (2, 7, 2, '20/11/2020', 13, 0, 1);
INSERT INTO public.AULA(ID_AULA, ID_MATERIA, ID_INSTITUCION, DIA, HORA, CALIFICACION, ID_PROFESOR) VALUES (3, 11, 3, '30/12/2020', 19, 0, 1);

--COMENTARIO
INSERT INTO public.COMENTARIO(ID_COMENTARIO, DESC_COMENTARIO, ID_AULA) VALUES (1, 'Cumplio las expectativas' ,1);
INSERT INTO public.COMENTARIO(ID_COMENTARIO, DESC_COMENTARIO, ID_AULA) VALUES (2, 'Las primeras clases eran basicas pero despues se puso intersante' ,2);
INSERT INTO public.COMENTARIO(ID_COMENTARIO, DESC_COMENTARIO, ID_AULA) VALUES (3, 'Muy completo el curso',3);

--AULA_ALUMNO
INSERT INTO public.AULA_ALUMNO(ID_AULA_ALUMNO, ID_AULA, ID_ALUMNO) VALUES (1, 1, 3);
INSERT INTO public.AULA_ALUMNO(ID_AULA_ALUMNO, ID_AULA, ID_ALUMNO) VALUES (2, 2, 4);
INSERT INTO public.AULA_ALUMNO(ID_AULA_ALUMNO, ID_AULA, ID_ALUMNO) VALUES (4, 3, 5);

--AULA_PROFESOR
INSERT INTO public.AULA_PROFESOR(ID_AULA, ID_PROFESOR) VALUES (1, 1);
INSERT INTO public.AULA_PROFESOR(ID_AULA, ID_PROFESOR) VALUES (2, 1);
INSERT INTO public.AULA_PROFESOR(ID_AULA, ID_PROFESOR) VALUES (3, 1);

--PROFESOR_MATERIA
INSERT INTO public.PROFESOR_MATERIA(ID_PROFESOR, ID_MATERIA) VALUES (1, 5);
INSERT INTO public.PROFESOR_MATERIA(ID_PROFESOR, ID_MATERIA) VALUES (2, 7);
INSERT INTO public.PROFESOR_MATERIA(ID_PROFESOR, ID_MATERIA) VALUES (1, 11);
