INSERT INTO public.entidad_bancaria(id_entidad_bancaria, codigo_bcra, nombre_bcra) VALUES (1, '7','BANCO DE GALICIA Y BUENOS AIRES S.A.');
INSERT INTO public.entidad_bancaria(id_entidad_bancaria, codigo_bcra, nombre_bcra) VALUES (2, '11','BANCO DE LA NACION ARGENTINA');
INSERT INTO public.entidad_bancaria(id_entidad_bancaria, codigo_bcra, nombre_bcra) VALUES (3, '14','BANCO DE LA PROVINCIA DE BUENOS AIRES');
INSERT INTO public.entidad_bancaria(id_entidad_bancaria, codigo_bcra, nombre_bcra) VALUES (4, '15','INDUSTRIAL AND COMMERCIAL BANK OF CHINA');
INSERT INTO public.entidad_bancaria(id_entidad_bancaria, codigo_bcra, nombre_bcra) VALUES (5, '16','CITIBANK N.A.');
INSERT INTO public.entidad_bancaria(id_entidad_bancaria, codigo_bcra, nombre_bcra) VALUES (6, '17','BBVA BANCO FRANCES S.A.');
INSERT INTO public.entidad_bancaria(id_entidad_bancaria, codigo_bcra, nombre_bcra) VALUES (7, '18','THE BANK OF TOKYO-MITSUBISHI UFJ, LTD.');
INSERT INTO public.entidad_bancaria(id_entidad_bancaria, codigo_bcra, nombre_bcra) VALUES (8, '20','BANCO DE LA PROVINCIA DE CORDOBA S.A.');
INSERT INTO public.entidad_bancaria(id_entidad_bancaria, codigo_bcra, nombre_bcra) VALUES (9, '27','BANCO SUPERVIELLE S.A.');
INSERT INTO public.entidad_bancaria(id_entidad_bancaria, codigo_bcra, nombre_bcra) VALUES (10, '29','BANCO DE LA CIUDAD DE BUENOS AIRES');
INSERT INTO public.entidad_bancaria(id_entidad_bancaria, codigo_bcra, nombre_bcra) VALUES (11, '34','BANCO PATAGONIA S.A.');
INSERT INTO public.entidad_bancaria(id_entidad_bancaria, codigo_bcra, nombre_bcra) VALUES (12, '44','BANCO HIPOTECARIO S.A.');
INSERT INTO public.entidad_bancaria(id_entidad_bancaria, codigo_bcra, nombre_bcra) VALUES (13, '45','BANCO DE SAN JUAN S.A.');
INSERT INTO public.entidad_bancaria(id_entidad_bancaria, codigo_bcra, nombre_bcra) VALUES (14, '60','BANCO DEL TUCUMAN S.A.');
INSERT INTO public.entidad_bancaria(id_entidad_bancaria, codigo_bcra, nombre_bcra) VALUES (15, '65','BANCO MUNICIPAL DE ROSARIO');
INSERT INTO public.entidad_bancaria(id_entidad_bancaria, codigo_bcra, nombre_bcra) VALUES (16, '72','BANCO SANTANDER RIO S.A.');
INSERT INTO public.entidad_bancaria(id_entidad_bancaria, codigo_bcra, nombre_bcra) VALUES (17, '83','BANCO DEL CHUBUT S.A.');
INSERT INTO public.entidad_bancaria(id_entidad_bancaria, codigo_bcra, nombre_bcra) VALUES (18, '86','BANCO DE SANTA CRUZ S.A.');
INSERT INTO public.entidad_bancaria(id_entidad_bancaria, codigo_bcra, nombre_bcra) VALUES (19, '93','BANCO DE LA PAMPA SOCIEDAD DE ECONOMÍA M');
INSERT INTO public.entidad_bancaria(id_entidad_bancaria, codigo_bcra, nombre_bcra) VALUES (20, '94','BANCO DE CORRIENTES S.A.');
INSERT INTO public.entidad_bancaria(id_entidad_bancaria, codigo_bcra, nombre_bcra) VALUES (21, '97','BANCO PROVINCIA DEL NEUQUÉN SOCIEDAD ANÓ');
INSERT INTO public.entidad_bancaria(id_entidad_bancaria, codigo_bcra, nombre_bcra) VALUES (22, '147','BANCO INTERFINANZAS S.A.');
INSERT INTO public.entidad_bancaria(id_entidad_bancaria, codigo_bcra, nombre_bcra) VALUES (23, '150','HSBC BANK ARGENTINA S.A.');
INSERT INTO public.entidad_bancaria(id_entidad_bancaria, codigo_bcra, nombre_bcra) VALUES (24, '165','JPMORGAN CHASE BANK, NATIONAL ASSOCIATIO');
INSERT INTO public.entidad_bancaria(id_entidad_bancaria, codigo_bcra, nombre_bcra) VALUES (25, '191','BANCO CREDICOOP COOPERATIVO LIMITADO');
INSERT INTO public.entidad_bancaria(id_entidad_bancaria, codigo_bcra, nombre_bcra) VALUES (26, '198','BANCO DE VALORES S.A.');
INSERT INTO public.entidad_bancaria(id_entidad_bancaria, codigo_bcra, nombre_bcra) VALUES (27, '247','BANCO ROELA S.A.');
INSERT INTO public.entidad_bancaria(id_entidad_bancaria, codigo_bcra, nombre_bcra) VALUES (28, '254','BANCO MARIVA S.A.');
INSERT INTO public.entidad_bancaria(id_entidad_bancaria, codigo_bcra, nombre_bcra) VALUES (29, '259','BANCO ITAU ARGENTINA S.A.');
INSERT INTO public.entidad_bancaria(id_entidad_bancaria, codigo_bcra, nombre_bcra) VALUES (30, '262','BANK OF AMERICA, NATIONAL ASSOCIATION');
INSERT INTO public.entidad_bancaria(id_entidad_bancaria, codigo_bcra, nombre_bcra) VALUES (31, '266','BNP PARIBAS');
INSERT INTO public.entidad_bancaria(id_entidad_bancaria, codigo_bcra, nombre_bcra) VALUES (32, '268','BANCO PROVINCIA DE TIERRA DEL FUEGO');
INSERT INTO public.entidad_bancaria(id_entidad_bancaria, codigo_bcra, nombre_bcra) VALUES (33, '269','BANCO DE LA REPUBLICA ORIENTAL DEL URUGU');
INSERT INTO public.entidad_bancaria(id_entidad_bancaria, codigo_bcra, nombre_bcra) VALUES (34, '277','BANCO SAENZ S.A.');
INSERT INTO public.entidad_bancaria(id_entidad_bancaria, codigo_bcra, nombre_bcra) VALUES (35, '281','BANCO MERIDIAN S.A.');
INSERT INTO public.entidad_bancaria(id_entidad_bancaria, codigo_bcra, nombre_bcra) VALUES (36, '285','BANCO MACRO S.A.');
INSERT INTO public.entidad_bancaria(id_entidad_bancaria, codigo_bcra, nombre_bcra) VALUES (37, '299','BANCO COMAFI SOCIEDAD ANONIMA');
INSERT INTO public.entidad_bancaria(id_entidad_bancaria, codigo_bcra, nombre_bcra) VALUES (38, '300','BANCO DE INVERSION Y COMERCIO EXTERIOR S');
INSERT INTO public.entidad_bancaria(id_entidad_bancaria, codigo_bcra, nombre_bcra) VALUES (39, '301','BANCO PIANO S.A.');
INSERT INTO public.entidad_bancaria(id_entidad_bancaria, codigo_bcra, nombre_bcra) VALUES (40, '303','BANCO FINANSUR S.A.');
INSERT INTO public.entidad_bancaria(id_entidad_bancaria, codigo_bcra, nombre_bcra) VALUES (41, '305','BANCO JULIO SOCIEDAD ANONIMA');
INSERT INTO public.entidad_bancaria(id_entidad_bancaria, codigo_bcra, nombre_bcra) VALUES (42, '309','BANCO RIOJA SOCIEDAD ANONIMA UNIPERSONAL');
INSERT INTO public.entidad_bancaria(id_entidad_bancaria, codigo_bcra, nombre_bcra) VALUES (43, '310','BANCO DEL SOL S.A.');
INSERT INTO public.entidad_bancaria(id_entidad_bancaria, codigo_bcra, nombre_bcra) VALUES (44, '311','NUEVO BANCO DEL CHACO S. A.');
INSERT INTO public.entidad_bancaria(id_entidad_bancaria, codigo_bcra, nombre_bcra) VALUES (45, '312','BANCO VOII S.A.');
INSERT INTO public.entidad_bancaria(id_entidad_bancaria, codigo_bcra, nombre_bcra) VALUES (46, '315','BANCO DE FORMOSA S.A.');
INSERT INTO public.entidad_bancaria(id_entidad_bancaria, codigo_bcra, nombre_bcra) VALUES (47, '319','BANCO CMF S.A.');
INSERT INTO public.entidad_bancaria(id_entidad_bancaria, codigo_bcra, nombre_bcra) VALUES (48, '321','BANCO DE SANTIAGO DEL ESTERO S.A.');
INSERT INTO public.entidad_bancaria(id_entidad_bancaria, codigo_bcra, nombre_bcra) VALUES (49, '322','BANCO INDUSTRIAL S.A.');
INSERT INTO public.entidad_bancaria(id_entidad_bancaria, codigo_bcra, nombre_bcra) VALUES (50, '330','NUEVO BANCO DE SANTA FE SOCIEDAD ANONIMA');
INSERT INTO public.entidad_bancaria(id_entidad_bancaria, codigo_bcra, nombre_bcra) VALUES (51, '331','BANCO CETELEM ARGENTINA S.A.');
INSERT INTO public.entidad_bancaria(id_entidad_bancaria, codigo_bcra, nombre_bcra) VALUES (52, '332','BANCO DE SERVICIOS FINANCIEROS S.A.');
INSERT INTO public.entidad_bancaria(id_entidad_bancaria, codigo_bcra, nombre_bcra) VALUES (53, '336','BANCO BRADESCO ARGENTINA S.A.U.');
INSERT INTO public.entidad_bancaria(id_entidad_bancaria, codigo_bcra, nombre_bcra) VALUES (54, '338','BANCO DE SERVICIOS Y TRANSACCIONES S.A.');
INSERT INTO public.entidad_bancaria(id_entidad_bancaria, codigo_bcra, nombre_bcra) VALUES (55, '339','RCI BANQUE S.A.');
INSERT INTO public.entidad_bancaria(id_entidad_bancaria, codigo_bcra, nombre_bcra) VALUES (56, '340','BACS BANCO DE CREDITO Y SECURITIZACION S');
INSERT INTO public.entidad_bancaria(id_entidad_bancaria, codigo_bcra, nombre_bcra) VALUES (57, '341','BANCO MASVENTAS S.A.');
INSERT INTO public.entidad_bancaria(id_entidad_bancaria, codigo_bcra, nombre_bcra) VALUES (58, '386','NUEVO BANCO DE ENTRE RÍOS S.A.');
INSERT INTO public.entidad_bancaria(id_entidad_bancaria, codigo_bcra, nombre_bcra) VALUES (59, '389','BANCO COLUMBIA S.A.');
INSERT INTO public.entidad_bancaria(id_entidad_bancaria, codigo_bcra, nombre_bcra) VALUES (60, '426','BANCO BICA S.A.');
INSERT INTO public.entidad_bancaria(id_entidad_bancaria, codigo_bcra, nombre_bcra) VALUES (61, '431','BANCO COINAG S.A.');
INSERT INTO public.entidad_bancaria(id_entidad_bancaria, codigo_bcra, nombre_bcra) VALUES (62, '432','BANCO DE COMERCIO S.A.');
INSERT INTO public.entidad_bancaria(id_entidad_bancaria, codigo_bcra, nombre_bcra) VALUES (63, '44059','FORD CREDIT COMPAÑIA FINANCIERA S.A.');
INSERT INTO public.entidad_bancaria(id_entidad_bancaria, codigo_bcra, nombre_bcra) VALUES (64, '44077','COMPAÑIA FINANCIERA ARGENTINA S.A.');
INSERT INTO public.entidad_bancaria(id_entidad_bancaria, codigo_bcra, nombre_bcra) VALUES (65, '44088','VOLKWAGEN FINANCIAL SERVICES CIA.FIN.S.A');
INSERT INTO public.entidad_bancaria(id_entidad_bancaria, codigo_bcra, nombre_bcra) VALUES (66, '44090','CORDIAL COMPAÑÍA FINANCIERA S.A.');
INSERT INTO public.entidad_bancaria(id_entidad_bancaria, codigo_bcra, nombre_bcra) VALUES (67, '44092','FCA COMPAÑIA FINANCIERA S.A.');
INSERT INTO public.entidad_bancaria(id_entidad_bancaria, codigo_bcra, nombre_bcra) VALUES (68, '44093','GPAT COMPAÑIA FINANCIERA S.A.');
INSERT INTO public.entidad_bancaria(id_entidad_bancaria, codigo_bcra, nombre_bcra) VALUES (69, '44094','MERCEDES-BENZ COMPAÑÍA FINANCIERA ARGENT');
INSERT INTO public.entidad_bancaria(id_entidad_bancaria, codigo_bcra, nombre_bcra) VALUES (70, '44095','ROMBO COMPAÑÍA FINANCIERA S.A.');
INSERT INTO public.entidad_bancaria(id_entidad_bancaria, codigo_bcra, nombre_bcra) VALUES (71, '44096','JOHN DEERE CREDIT COMPAÑÍA FINANCIERA S.');
INSERT INTO public.entidad_bancaria(id_entidad_bancaria, codigo_bcra, nombre_bcra) VALUES (72, '44098','PSA FINANCE ARGENTINA COMPAÑÍA FINANCIER');
INSERT INTO public.entidad_bancaria(id_entidad_bancaria, codigo_bcra, nombre_bcra) VALUES (73, '44099','TOYOTA COMPAÑÍA FINANCIERA DE ARGENTINA');
INSERT INTO public.entidad_bancaria(id_entidad_bancaria, codigo_bcra, nombre_bcra) VALUES (74, '44100','FINANDINO COMPAÑIA FINANCIERA S.A.');
INSERT INTO public.entidad_bancaria(id_entidad_bancaria, codigo_bcra, nombre_bcra) VALUES (75, '45056','MONTEMAR COMPAÑIA FINANCIERA S.A.');
INSERT INTO public.entidad_bancaria(id_entidad_bancaria, codigo_bcra, nombre_bcra) VALUES (76, '45072','MULTIFINANZAS COMPAÑIA FINANCIERA S.A.');
INSERT INTO public.entidad_bancaria(id_entidad_bancaria, codigo_bcra, nombre_bcra) VALUES (77, '65203','CAJA DE CREDITO "CUENCA" COOPERATIVA LIM');

INSERT INTO public.cli_permiso_cliente(id_permiso, codigo, descripcion)	VALUES (1, 'PRESTAMO_CREAR_SOLICITUD', '');
INSERT INTO public.cli_permiso_cliente(id_permiso, codigo, descripcion)	VALUES (2, 'PRESTAMO_VER_SOLICITUD', '');
INSERT INTO public.cli_permiso_cliente(id_permiso, codigo, descripcion)	VALUES (3, 'PRESTAMO_OFERTAR_SUBASTA', '');
INSERT INTO public.cli_permiso_cliente(id_permiso, codigo, descripcion)	VALUES (4, 'PRESTAMO_VER_SUBASTA_INVERSOR', '');
INSERT INTO public.cli_permiso_cliente(id_permiso, codigo, descripcion)	VALUES (5, 'PRESTAMO_VER_SUBASTA_SOLICITANTE', '');
INSERT INTO public.cli_permiso_cliente(id_permiso, codigo, descripcion)	VALUES (6, 'PRESTAMO_VER_MIS_INVERSIONES', '');
INSERT INTO public.cli_permiso_cliente(id_permiso, codigo, descripcion)	VALUES (7, 'PRESTAMO_MIS_CARTERAS', '');
INSERT INTO public.cli_permiso_cliente(id_permiso, codigo, descripcion)	VALUES (8, 'PRESTAMO_CARTERAS_VENTA', '');

INSERT INTO public.cli_accesos_cliente(id_acceso, codigo, descripcion) VALUES (1, 'INVERSIONISTA', 'INVERSIONISTA');
INSERT INTO public.cli_accesos_cliente(id_acceso, codigo, descripcion) VALUES (2, 'SOLICITANTE', 'SOLICITANTE');

INSERT INTO public.cli_contacto (id_contacto, barrio, codigo_postal, domicilio, localidad, nombre_contacto, provincia, tel_fijo, tel_celular) VALUES (100, 'Recoleta', '1425', 'Pacheco de Melo 2970', 'CABA', NULL, 0, '48001234', '1165653224');
INSERT INTO public.cli_contacto (id_contacto, barrio, codigo_postal, domicilio, localidad, nombre_contacto, provincia, tel_fijo, tel_celular) VALUES (101, 'Recoleta', '1425', 'Austria 2307', 'CABA', NULL, 0, '48001207', '1165653226');

INSERT INTO public.cli_cuenta_bancaria (id_cuenta_bancaria, alias, cbu, tipo_cuenta, valida, entidad_id_entidad_bancaria) VALUES (100, 'pepeargento', '341234123412343434', 'CAJA_AHORRO', false, 1);
INSERT INTO public.cli_cuenta_bancaria (id_cuenta_bancaria, alias, cbu, tipo_cuenta, valida, entidad_id_entidad_bancaria) VALUES (101, 'recontrafull', '12312475029348752093845', 'CAJA_AHORRO', false, 1);

INSERT INTO public.cli_identificacion (id_identificacion, numero_id, tipo_id) VALUES (100, '30218977', 'DNI');
INSERT INTO public.cli_identificacion (id_identificacion, numero_id, tipo_id) VALUES (101, '30219076', 'DNI');

INSERT INTO public.cli_ingreso (id_contacto, actividad, rd_cargo, condicion_iva, fecha_ingreso, ing_neto_mensual, patrimonio, rd_empleador, rubro, rd_telefono) VALUES (100, 'Lavadero de Ropa', 'Gerente', NULL, '2016-02-01 00:00:00', 20000, 120000, 'Lavadero Don Quijote', 'RELACION_DEPENDENCIA', '48987543');
INSERT INTO public.cli_ingreso (id_contacto, actividad, rd_cargo, condicion_iva, fecha_ingreso, ing_neto_mensual, patrimonio, rd_empleador, rubro, rd_telefono) VALUES (101, '', '', NULL, NULL, NULL, 200000, '', 'DESEMPLEADO', '');

INSERT INTO public.cli_cliente (id_cliente, id_accesos, bloqueado, cargo_politico, email, estado_civil, fecha_alta_password, fn_ia, fecha_registro, genero, hijos_dep, intentos_fallidos_login, mayores_dep, nacionalidad, password, pol_exp, rs_na, requiere_cambio_password, tipo_perfil, username) VALUES (100, 1, false, '', 'alosgonzalz@gmail.com', 'SOLTERO', NULL, '1983-04-19 00:00:00', '2018-07-03 13:00:55.532', 'MASCULINO', 0, 0, 0, 'Argentina', '$2a$10$9EmXkvYDoxA/rwi2.uxOue/I2Z2.6fzIubnhKnjFEQvCESbfzuqZm', false, 'Alberto Gonzalez', true, NULL, 'alosgonzalez');
INSERT INTO public.cli_cliente (id_cliente, id_accesos, bloqueado, cargo_politico, email, estado_civil, fecha_alta_password, fn_ia, fecha_registro, genero, hijos_dep, intentos_fallidos_login, mayores_dep, nacionalidad, password, pol_exp, rs_na, requiere_cambio_password, tipo_perfil, username) VALUES (101, 2, false, '', 'lavaderodonquijote@gmail.com', 'SOLTERO', NULL, '1983-04-19 00:00:00', '2018-07-04 11:29:50.159', 'MASCULINO', 1, 0, 0, 'Argentina', '$2a$10$9EmXkvYDoxA/rwi2.uxOue/I2Z2.6fzIubnhKnjFEQvCESbfzuqZm', false, 'Don Quijote', true, NULL, 'donquijote');

INSERT INTO public.cli_acceso_permiso(id_acceso, id_permiso) VALUES (1, 1);
INSERT INTO public.cli_acceso_permiso(id_acceso, id_permiso) VALUES (1, 2);
INSERT INTO public.cli_acceso_permiso(id_acceso, id_permiso) VALUES (1, 3);
INSERT INTO public.cli_acceso_permiso(id_acceso, id_permiso) VALUES (1, 4);
INSERT INTO public.cli_acceso_permiso(id_acceso, id_permiso) VALUES (2, 5);
INSERT INTO public.cli_acceso_permiso(id_acceso, id_permiso) VALUES (2, 6);
INSERT INTO public.cli_acceso_permiso(id_acceso, id_permiso) VALUES (2, 7);
INSERT INTO public.cli_acceso_permiso(id_acceso, id_permiso) VALUES (2, 8);


INSERT INTO public.mov_cuenta(id_cta, bloqueada, saldo) VALUES (100, false, 0);

INSERT INTO public.mov_cuenta(id_cta, bloqueada, saldo) VALUES (1, false, 0); -- Cuenta de Acreditacion
